is_remote,avg_posting_age_days
True,4.416896235078053
False,4.564938353452483
